md,site,layer,depth,date_in,time_in,date_out,time_out,lat,lon,calibrating,flag,comments
md1,st33,pel,0.5,2017-06-16,"NA",2017-06-20,"NA","NA","NA",y,0,Calibrated next to Sonde at 33
md1,st33,ben,3.3,2017-06-30,"NA",2017-09-03,"NA","NA","NA",n,0,deployed at bottom of st33
md1,st33,ben,3.3,2017-10-01,"NA",2018-05-31,"NA","NA","NA",n,0,deployed at bottom of st33 over winter
md2,e1,ben,NA,2017-10-01,"NA",2018-05-29,"NA","NA","NA",n,0,deployed over winter at E1
md3,st33,pel,0.5,2018-05-27,"NA",2018-05-29,"NA","NA","NA",y,1,"calibrated against sonde, but the sonde was not logging."
md2,btl,pel,0.5,2018-05-30,"NA",2018-05-31,"NA","NA","NA",y,0,"calibrated against md 3,4, 5 at btl"
md3,btl,pel,0.5,2018-05-30,"NA",2018-05-31,"NA","NA","NA",y,0,"calibrated against 2,4,5 at boat launch"
md4,btl,pel,0.5,2018-05-30,"NA",2018-05-31,"NA","NA","NA",y,0,"calibrating against 2,3,5 at btl"
md5,btl,pel,0.5,2018-05-30,"NA",2018-05-31,"NA","NA","NA",y,0,calibrating at btl
md1,btl,pel,0.5,2018-05-31,"NA",2018-06-05,"NA","NA","NA",y,0,calibrated against md4 at surface in btl
md3,st33,ben,3.3,2018-05-31,12:30:00,2018-06-05,"NA","NA","NA",n,1,deployed at bottom of st33. calibrating? Unkown purpose. Exact time out unknown
md4,btl,pel,0.5,2018-05-31,"NA",2018-06-05,"NA","NA","NA",y,0,calibrating against #1 at btl surface
md1,buck,"NA","NA",2018-06-07,"NA",2018-06-09,"NA","NA","NA",y,1,calibrating in black bucket at lab; done prior to cleaning
md2,buck,"NA","NA",2018-06-07,"NA",2018-06-09,"NA","NA","NA",y,1,calibrating in black bucket at lab; done prior to cleaning
md3,buck,"NA","NA",2018-06-07,"NA",2018-06-09,"NA","NA","NA",y,0,calibrating in black bucket at lab
md4,buck,"NA","NA",2018-06-07,"NA",2018-06-09,"NA","NA","NA",y,0,calibrating in black bucket at lab
md5,buck,"NA","NA",2018-06-07,"NA",2018-06-09,"NA","NA","NA",y,0,calibrating in black bucket at lab
md1,buck,"NA","NA",2018-06-09,"NA",2018-06-10,"NA","NA","NA",y,0,calibrating in black bucket at lab
md2,buck,"NA","NA",2018-06-09,"NA",2018-06-10,"NA","NA","NA",y,0,calibrating in black bucket at lab
md3,buck,"NA","NA",2018-06-09,"NA",2018-06-10,"NA","NA","NA",y,0,calibrating in black bucket at lab
md4,buck,"NA","NA",2018-06-09,"NA",2018-06-10,"NA","NA","NA",y,0,calibrating in black bucket at lab
md5,buck,"NA","NA",2018-06-09,"NA",2018-06-10,"NA","NA","NA",y,0,calibrating in black bucket at lab
md1,buck,"NA","NA",2018-06-10,"NA",2018-06-11,"NA","NA","NA",y,0,calibrating in white bucket at lab
md2,buck,"NA","NA",2018-06-10,"NA",2018-06-11,"NA","NA","NA",y,0,calibrating in white bucket at lab
md3,buck,"NA","NA",2018-06-10,"NA",2018-06-11,"NA","NA","NA",y,0,calibrating in white bucket at lab
md4,buck,"NA","NA",2018-06-10,"NA",2018-06-11,"NA","NA","NA",y,0,calibrating in white bucket at lab
md5,buck,"NA","NA",2018-06-10,"NA",2018-06-11,"NA","NA","NA",y,0,calibrating in white bucket at lab
md1,grim,ben,5.0999999999999996,2018-06-13,"NA",2018-08-15,"NA","NA","NA",n,0,deployed at bottom of Grimmstadir pit
md2,reyk,ben,4.25,2018-06-13,"NA",2018-08-15,"NA","NA","NA",n,0,deployed at bottom of reykjahlid
md4,st33,ben,3.3,2018-06-13,"NA",2018-08-15,"NA","NA","NA",n,0,deployed at bottom of st33
md5,reyk,pel,0.5,2018-06-13,"NA",2019-08-15,"NA","NA","NA",n,0,deployed at reykjahlid pelagic
md3,grim,pel,0.5,2018-06-23,"NA",2018-08-15,"NA","NA","NA",n,1,deployed at grimmstadir in the pelagic zone
md1,buck,"NA","NA",2018-08-17,"NA",2018-06-19,"NA","NA","NA",y,0,calibrating in white bucket at lab
md2,buck,"NA","NA",2018-08-17,"NA",2018-06-19,"NA","NA","NA",y,0,calibrating in white bucket at lab
md3,buck,"NA","NA",2018-08-17,"NA",2018-06-19,"NA","NA","NA",y,0,calibrating in white bucket at lab
md4,buck,"NA","NA",2018-08-17,"NA",2018-06-19,"NA","NA","NA",y,0,calibrating in white bucket at lab
md5,buck,"NA","NA",2018-08-17,"NA",2018-06-19,"NA","NA","NA",y,0,calibrating in white bucket at lab
md1,cs,ben,NA,2018-08-19,"NA",2019-06-07,"NA","NA","NA",n,0,deployed at cold springs site over winter
md2,e5,ben,NA,2018-08-19,"NA",2019-06-07,"NA","NA","NA",n,0,deployed at the bottom of e5 over winter
md3,e1,ben,NA,2018-08-19,"NA",2019-06-11,"NA","NA","NA",n,0,deployed below ice at e1
md4,reyk,ben,4.3,2018-08-19,"NA",2019-06-11,"NA","NA","NA",n,0,deployed under ice at reykjahlid
md5,st33,ben,3.3,2018-08-19,"NA",2019-06-10,"NA","NA","NA",y,0,calibrated against sonde
md1,st33,pel,0.5,2019-06-10,18:05:00,2019-06-11,NA,"NA","NA",y,0,calibrating against sonde at st33
md2,st33,pel,0.5,2019-06-10,"NA",2019-06-11,"NA","NA","NA",y,0,calibrated against sonde
md6,st33,pel,0.5,2019-06-10,"NA",2019-06-11,"NA","NA","NA",y,0,calibrating against sonde at st33
md2,st33,ben,3.3,2019-06-15,11:53:00,2019-08-15,"NA",0407614,7276069,n,0,deployed at the bottom of st33
md5,e5,ben,NA,2019-06-15,12:30:00,2019-08-15,"NA",0409839,7276330,n,0,deployed at bottom of e5
md6,e5,pel,0.5,2019-06-15,12:40:00,2019-08-15,"NA",0409865,7276316,n,0,deployed at surface at e5
md1,reyk,pel,0.5,2019-06-15,13:37:00,2019-08-19,"NA",0411411,7281201,n,0,deployed at the surface of Reykjahlid
md3,st33,pel,0.5,2019-06-15,11:37:00,2019-06-16,"NA","NA","NA",y,0,calibrating against sonde at st33
md4,st33,pel,0.5,2019-06-15,"NA",2019-06-16,"NA","NA","NA",y,0,calibrating against sonde at st33
md3,reyk,ben,4.3,2019-06-16,13:32:00,2019-08-15,"NA",0411395,7281206,n,0,deployed at benthos of reykjahlid
md4,grim,ben,6.5,2019-06-16,14:29:00,2019-08-15,"NA",0409991,7282200,n,0,deployed at bottom of grimstadir pit
md1,buck,"NA","NA",2019-08-16,"NA",2019-08-17,"NA","NA","NA",y,0,calibrated in the white bucket
md2,buck,"NA","NA",2019-08-16,"NA",2019-08-17,"NA","NA","NA",y,0,calibrated in the white bucket
md3,buck,"NA","NA",2019-08-16,"NA",2019-08-17,"NA","NA","NA",y,0,calibrating in white bucket at lab
md4,buck,"NA","NA",2019-08-16,"NA",2019-08-17,"NA","NA","NA",y,0,calibrating in white bucket at lab
md5,buck,"NA","NA",2019-08-16,"NA",2019-08-17,"NA","NA","NA",y,0,calibrating in white bucket at lab
md6,buck,"NA","NA",2019-08-16,"NA",2019-08-17,"NA","NA","NA",y,0,calibrating in white bucket at lab
md7,buck,"NA","NA",2019-08-16,"NA",2019-08-17,"NA","NA","NA",y,0,calibrating in white bucket at lab
md8,buck,"NA","NA",2019-08-16,"NA",2019-08-17,"NA","NA","NA",y,1,calibrating in white bucket at lab; time is slightly off
md4,e1,ben,NA,2019-08-20,18:30:00,NA,NA,0405911,7274524,n,0,deployed under ice at e1
md5,e5,ben,NA,2019-08-20,20:08:00,NA,NA,0409775,7276396,n,1,coords likely off by ~20 m
md6,e6,ben,NA,2019-08-20,17:23:00,NA,NA,0408911,7274363,n,NA,NA
md7,st33,ben,3.3,2019-08-20,19:45:00,NA,NA,0407609,7276137,n,NA,NA
md8,e2,ben,NA,2019-08-20,19:00:00,NA,NA,0406269,7278009,n,1,check time
md3,reyk,ben,4.3,NA,NA,NA,NA,NA,NA,n,1,√Årni deployed.
